title,content,type,expires,code,destination_url,store,category,Banner,price_reduce
KingBBQ khuyến mãi tặng 1 Buffet cho nhóm 4,Đi 4 trả tiền 3 tại KingBBQ Big C (HN),sale,06/09/2017 23:59,,http://kingbbq.com.vn/chuong-trinh-khuyen-mai/an-4-tra-tien-3/,King BBQ,am-thuc,,Khuyến mãi
Tặng Voucher 300K cho đơn hàng Xiaomi,Khuyến mãi Tháng 8 từ Nguyễn Kim,sale,31/08/2017 23:59,,https://pub.accesstrade.vn/deep_link/4529754849587926032?url=https%3A%2F%2Fwww.nguyenkim.com%2Fdien-thoai-xiaomi-mua-online-tang-km.html,Nguyễn Kim,cong-nghe,,300.000đ
Chơi game để nhận mã giảm giá 15% Lazada,Mã có hiệu lực từ 22/8,sale,25/08/2017 23:59,,https://pub.accesstrade.vn/deep_link/4529754849587926032?url=https%3A%2F%2Flazatda.vn%2Fplaygame%2Findex.html,Lazada,"doi-song#gia-dung#cong-nghe",,15%
Mã giảm 50K cho đơn hàng gia dụng,Áp dụng với một số sản phẩm,code,31/08/2017 23:59,UNLCE50,https://pub.accesstrade.vn/deep_link/4529754849587926032?url=http%3A%2F%2Fwww.lazada.vn%2Funcle-bills%2F,Lazada,gia-dung,,50.000đ
Tặng Voucher VinEco cho các đơn hàng gia dụng,Áp dụng với đơn hàng từ 600K,sale,31/08/2017 23:59,,https://pub.accesstrade.vn/deep_link/4529754849587926032?url=https%3A%2F%2Fwww.adayroi.com%2Fsam-tien-nghi-nhan-rau-vineco-lp2255,Adayroi,gia-dung,,200.000đ
Mã giảm 50% x 2 chuyến Uber,Giảm tối đa 30.000đ/chuyến,code,15/09/2017 23:59,TRAVELOKAVN,https://www.traveloka.com/vi-vn/promotion/perfect-combo,Uber,doi-song,,30.000đ
Mã giảm giá 15% khách sạn và 10% vé máy bay,Áp dụng cho chủ thẻ HSBC,code,30/09/2017 23:59,HOTELHSBC,https://www.traveloka.com/vi-vn/promotion/HSBC-short,Traveloka,du-lich,,15%
Mã giảm giá 200.000đ cho đơn hàng 1 triệu,Tặng O1 sữa rửa mặt Herb Day,code,17/08/2017 23:59,EVE17-GIFT-BEAUTYDAYB200,https://thefaceshop.com.vn/,THEFACESHOP,lam-dep,,200.000đ
Mã giảm giá 50.000đ cho đơn hàng 500K,Nhập mã khi thanh toán,code,17/08/2017 23:59,EVE17-GIFT-BEAUTYDAYB50,https://thefaceshop.com.vn/,THEFACESHOP,lam-dep,,50.000đ
Mã giảm giá 200.000đ cho đơn hàng 2 triệu,"Tặng O1 bộ dưỡng da Kit YEHWADAM trị giá 983#000đ",code,17/08/2017 23:59,EVE17-GIFT- BEAUTYDAYB200K,https://thefaceshop.com.vn/,THEFACESHOP,lam-dep,,200.000đ
Mã giảm 2 triệu cho đơn hàng máy giặt Aqua,Áp dụng khi mua hàng online,code,31/08/2017 23:59,MAYGIATAQUA,https://pub.accesstrade.vn/deep_link/4529754849587926032?url=https%3A%2F%2Fwww.nguyenkim.com%2Fchia-se-lien-tay-giam-ngay-den-2-trieu-moi.html,Nguyễn Kim,gia-dung,,2.000.000đ
Khuyến mãi cơ hội trúng iPhone 7 khi mua SanDisk,Thêm cơ hội trúng Voucher may mắn,sale,31/08/2017 23:59,,https://pub.accesstrade.vn/deep_link/4529754849587926032?url=http%3A%2F%2Fwww.lazada.vn%2Fsandisk-vong-quay-may-man%2F,Lazada,cong-nghe,,Khuyến mãi
Mã giảm giá 8% cho đơn hàng thời trang Mango,Giảm giá tối đa 80.000đ/đơn hàng,code,31/08/2017 23:59,SN8KEY,https://pub.accesstrade.vn/deep_link/4529754849587926032?url=https%3A%2F%2Fwww.adayroi.com%2Fmango-chinh-hang-tt-lp1353,Mango,thoi-trang,,8%
"Mã giảm 10% cho đơn hàng máy tính# linh kiện",Tối đa giảm 150K/đơn hàng,code,31/08/2017 23:59,ELCL,https://shopee.vn/web/events3/code/3950752306/,Shopee,cong-nghe,,10%
Tặng Voucher cho khách hàng Share hình lên Facebook,Áp dụng cho lần tới sau,sale,15/09/2017 23:59,,http://trunglon.ggg.com.vn/,Kichi Kichi,am-thuc,,100.000đ
Khuyến mãi tặng món tại nhà hàng Hutong,Áp dụng tại HCM,sale,15/09/2017 23:59,,http://hutong.com.vn/voucher/?p=1196,Golden Gate,am-thuc,,Khuyến mãi
Gogi House giảm giá buffet còn 199K/khách,"Áp dụng tại Gogi House Trần Văn Lai# HN",sale,27/08/2017 23:59,,https://www.facebook.com/notes/gogi-house/%C4%91%C3%B3n-gogi-tr%E1%BA%A7n-v%C4%83n-lai-t%C6%B0ng-b%E1%BB%ABng-khuy%E1%BA%BFn-m%C3%A3i/1483367881702030/,Gogi House,am-thuc,,Khuyến mãi
Trợ giá gia dụng giảm 20% điện máy Panasonic,Áp dụng với một số sản phẩm,sale,31/08/2017 23:59,,https://www.dienmayxanh.com/gia-dung-panasonic,Điện Máy Xanh,"cong-nghe#gia-dung",,20%
Mã giảm 600K cho đơn hàng Laptop VinPro,Hoàn tiền thêm 10% thẻ VinID,code,31/08/2017 23:59,ROM200,https://pub.accesstrade.vn/deep_link/4529754849587926032?url=https%3A%2F%2Fwww.adayroi.com%2Flaptop-vinpro-gia-soc-lp1944,Adayroi,cong-nghe,,600.000đ
"Mã giảm 5% nhiều SP tiểu thuyết# truyện",Áp dụng với một số sản phẩm,code,15/08/2017 23:59,NOVEL8,https://www.fahasa.com/hoi-sach-online,Fahasa,sach,,5%
Mã giảm 5% các tác phẩm sách kinh điển,Áp dụng với một số sản phẩm,code,15/08/2017 23:59,KINHDIEN,https://www.fahasa.com/hoi-sach-online,Fahasa,sach,,5%
Tiki Summer sale khuyến mãi khủng,Ưu đãi mua sắm hơn 70.000 sản phẩm,code,20/08/2017 23:59,,https://pub.accesstrade.vn/deep_link/4529754849587926032?url=https%3A%2F%2Ftiki.vn%2Ftop%2Ftiki-summer-sale,Tiki,"lam-dep#gia-dung#sach",,Khuyến mãi
Ưu đãi giảm giá 20% các SP Mỹ phẩm La Roche-Posay,Áp dụng mua hàng online,sale,31/08/2017 23:59,,https://pub.accesstrade.vn/deep_link/4529754849587926032?url=https%3A%2F%2Ftiki.vn%2Flp%2Fla-roche-posay-dong-hanh-cung-tiki,Tiki,lam-dep,,20%
Mã giảm 15% các SP Tivi Box,Giảm giá tối đa 100.000đ,code,18/08/2017 23:59,ELBOX,https://shopee.vn/search/EL-Tivibox-August-col.23341,Shopee,cong-nghe,,15%
Giảm giá đồng loạt 10% các SP điện thoại,Ưu đãi bùng nổ giá Tháng 8/2017,sale,13/08/2017 23:59,,https://pub.accesstrade.vn/deep_link/4529754849587926032?url=https%3A%2F%2Fvienthonga.vn%2Fgiam-gia-t8-2017%2F,Viễn Thông A,cong-nghe,,10%
Sale giảm giá các sản phẩm mỹ phẩm Laneige,Thêm mã giảm giá cho một số sản phẩm,code,31/08/2017 23:59,,https://pub.accesstrade.vn/deep_link/4529754849587926032?url=http%3A%2F%2Fwww.lazada.vn%2Flaneige-chinh-hang%2F,Laneige,lam-dep,,Khuyến mãi
Canifa sale giảm giá 50% nhiều sản phẩm,Áp dụng mua hàng online,sale,13/08/2017 23:59,,https://pub.accesstrade.vn/deep_link/4529754849587926032?url=https%3A%2F%2Fcanifa.com%2Fcrazy-sale-giam-tu-50p.html,Canifa,thoi-trang,,50%
Mã giảm 10% đơn hàng loa JBL,Áp dụng các SP loa và tai nghe JBL,code,14/08/2017 23:59,JBLTIKI,https://pub.accesstrade.vn/deep_link/4529754849587926032?url=https%3A%2F%2Ftiki.vn%2Fthuong-hieu%2Fjbl.html,Tiki,cong-nghe,,10%
Mã giảm 10% đơn hàng phụ kiện thời trang,Áp dụng cho đơn hàng từ 180.000đ,code,17/08/2017 23:59,WA69,https://shopee.vn/search/PHỤ-KIỆN-NỮ-ĐỒNG-GIÁ-DƯỚI-69K-col.24074,Shopee,thoi-trang,,10%
Đại tiệc thời gian giảm giá 12% khi nhập mã,Giảm tối đa 100.000đ/đơn hàng,code,17/08/2017 23:59,MAMINI118,https://shopee.vn/web/events3/code/2564371494/,Shopee,thoi-trang,,12%
"Nhiều mã giảm giá cho các đơn hàng điện tử# điện lạnh# công nghệ",Ưu đãi sinh nhật Adayroi,code,15/08/2017 23:59,SNHA20,https://pub.accesstrade.vn/deep_link/4529754849587926032?url=https%3A%2F%2Fwww.adayroi.com%2Fkhuyen-mai-hot-cong-nghe-lp1681,Adayroi,"gia-dung#cong-nghe",,Coupon
Giảm giá 25% các SP mỹ phẩm L'Occitane,Ưu đãi sinh nhật 2 Tuổi Adayroi,code,15/08/2017 23:59,LCT308,https://pub.accesstrade.vn/deep_link/4529754849587926032?url=https%3A%2F%2Fwww.adayroi.com%2Fmp-sinh-nhat-lp2238,Adayroi,lam-dep,,25%
Voucher Vinpearl siêu tiết kiệm bao gồm cả vé máy bay,Áp dụng tại Phú Quốc,sale,31/08/2017 23:59,,https://pub.accesstrade.vn/deep_link/4529754849587926032?url=https%3A%2F%2Fdeal.adayroi.com%2Fvinpearl-sieu-tiet-kiem-lp56,Vinpearl,du-lich,,Khuyến mãi
Mã giảm giá 10% cho đơn hàng từ 200K,Giảm giá tối đa 100.000đ,code,17/08/2017 23:59,MA801,https://shopee.vn/web/events3/code/2409703676/,Shopee,thoi-trang,,10%
iPhone 7 giảm giá cực tốt chào đón iPhone 8 sắp ra mắt,Giảm giá ưu đãi Tháng 8/2017,sale,31/08/2017 23:59,,https://pub.accesstrade.vn/deep_link/4529754849587926032?url=https%3A%2F%2Fwww.lotte.vn%2Fifan,Lotte.vn,cong-nghe,,Khuyến mãi
Mã giảm 6% áp dụng tất cả các mặt hàng,Giảm tối đa 100.000đ,code,17/08/2017 23:59,MUASAM,https://pub.accesstrade.vn/deep_link/4529754849587926032?url=https%3A%2F%2Fwww.lotte.vn%2F,Lotte.vn,"lam-dep#doi-song#cong-nghe",,6%
Mã giảm giá 8% cho các đơn hàng từ 2 triệu,Giảm giá tối đa 400.000đ/đơn hàng,code,17/08/2017 23:59,XAYDUNG,https://pub.accesstrade.vn/deep_link/4529754849587926032?url=https%3A%2F%2Fwww.lotte.vn%2F,Lotte.vn,"lam-dep#doi-song#cong-nghe",,8%
Mã giảm 800K cho SP từ 14 Triệu,Áp dụng với một số sản phẩm,code,17/08/2017 23:59,DATNUOC,https://pub.accesstrade.vn/deep_link/4529754849587926032?url=https%3A%2F%2Fwww.lotte.vn%2F,Lotte.vn,"cong-nghe#gia-dung",,800.000đ
Mã giảm giá 1 triệu cho đơn hàng xe Lead,Áp dụng tại HN và HCM,code,31/08/2017 23:59,NINJA8,https://pub.accesstrade.vn/deep_link/4529754849587926032?url=https%3A%2F%2Fwww.adayroi.com%2Flead-moi-2017-otxm-lp2216,Adayroi,doi-song,,1.000.000đ
Voucher iSushi giảm giá tại Hà Nội,Áp dụng tất cả các ngày,sale,17/08/2017 23:59,,https://pub.accesstrade.vn/deep_link/4529754849587926032?url=https%3A%2F%2Fdeal.adayroi.com%2Fthuong-thuc-thoa-thich-sashimi-ca-hoi-tuoi-ngonbuffet-sakura-isushi-p61000873,iSushi,am-thuc,,14%
Mã giảm 40K cho đơn hàng mẹ và bé,"Áp dụng các SP đồ chơi# đồ dùng cho bé",code,31/08/2017 23:59,MBT840,https://pub.accesstrade.vn/deep_link/4529754849587926032?url=https%3A%2F%2Ftiki.vn%2Ftop%2Fback-to-school-tiki-khuyen-hoc,Tiki,me-va-be,,40.000đ
Mã giảm 5% cho đơn hàng VPP,Tặng thêm Coupon cho đơn hàng sách,code,05/09/2017 23:59,B2SVPP05,https://pub.accesstrade.vn/deep_link/4529754849587926032?url=https%3A%2F%2Ftiki.vn%2Ftop%2Fback-to-school-tiki-khuyen-hoc,Tiki,giao-duc,,5%
IVY moda sale 50% toàn bộ sản phẩm,Áp dụng cả online và offline,sale,15/08/2017 23:59,,https://ivymoda.com/sale,IVY Moda,thoi-trang,,50%
Mã giảm giá 8% cho tất cả các đơn hàng,Giảm giá tối đa 400.000đ/đơn hàng,code,10/08/2017 23:59,SO8HAHA,https://pub.accesstrade.vn/deep_link/4529754849587926032?url=https%3A%2F%2Fwww.lotte.vn%2F,Lotte.vn,"doi-song#gia-dung#cong-nghe",,8%
Mã giảm giá 800K cho các đơn hàng từ 12 triệu,Áp dụng với các sản phẩm từ 12 triệu,code,10/08/2017 23:59,SO8HOHO,https://pub.accesstrade.vn/deep_link/4529754849587926032?url=https%3A%2F%2Fwww.lotte.vn%2F,Lotte.vn,"doi-song#gia-dung#cong-nghe",,800.000đ
Buffet giảm giá sốc cho nhóm 4 tại Hà Nội,Áp dụng khi đặt bàn online,sale,30/09/2017 23:59,,http://kingbbq.com.vn/chuong-trinh-khuyen-mai/buffet-gia-shock/,King BBQ,am-thuc,,Khuyến mãi
Nhiều mã giảm giá cho đơn hàng Mẹ và bé,Ưu đãi sinh nhật 2 Tuổi Adayroi,sale,15/08/2017 23:59,,https://pub.accesstrade.vn/deep_link/4529754849587926032?url=https%3A%2F%2Fwww.adayroi.com%2Fmb-sinh-nhat-thang-8-lp2226,Adayroi,me-va-be,,10%
Nhiều mã giảm giá cho các đơn hàng Thời Trang,Áp dụng với một số thương hiệu,sale,15/08/2017 23:59,,https://pub.accesstrade.vn/deep_link/4529754849587926032?url=https%3A%2F%2Fwww.adayroi.com%2Ftt-sinh-nhat-adr-thoi-trang-lp2225,Adayroi,thoi-trang,,30%
Nhiều mã giảm giá cho đơn hàng Mỹ phẩm,Khuyến mãi sinh nhật 2 Tuổi Adayroi,sale,15/08/2017 23:59,,https://pub.accesstrade.vn/deep_link/4529754849587926032?url=https%3A%2F%2Fwww.adayroi.com%2Fmp-sinh-nhat-lp2238,Adayroi,lam-dep,,8%
Mã giảm 10% các SP công nghệ,Giảm tối đa 100.000đ/đơn hàng,code,11/08/2017 23:59,ELPARTNER,https://shopee.vn/web/events3/code/3812547214/,Shopee,cong-nghe,,10%
Mã giảm 30% dịch vụ GrabExpress,Tối đa giảm 30.000đ x 4 chuyến,code,13/08/2017 23:59,GE30,https://www.facebook.com/GrabVN/photos/a.1445025409062334.1073741827.1378455622385980/2034566956774840/?type=3,Grab,doi-song,,30%
Mã giảm 30% (Tối đa 20.000đ/chuyến),Khi thanh toán GrabCar bằng thẻ VPBank,code,06/11/2017 23:59,GRABVP,https://www.facebook.com/GrabVN/photos/a.1445025409062334.1073741827.1378455622385980/2034558053442397/?type=3,Grab,doi-song,,30%
Gogi House miễn phí 1 suất Buffet cho nhóm 4,Áp dụng tại Hà Nội,sale,31/08/2017 23:59,,https://www.facebook.com/GoGiHouse.QuanThitNuongHanQuoc/videos/1483127638392721/,Gogi House,am-thuc,,Khuyến mãi
Kichi Kichi khuyến mãi đi 4 miễn phí 1 suất buffet,Áp dụng tại Hà Nội,sale,31/08/2017 23:59,,http://kichi.com.vn/voucher/an-4-tang-1-buffet-lau-bang-chuyen/,Kichi Kichi,am-thuc,,Khuyến mãi
Mã giảm 10% các SP phụ kiện công nghệ,Tối đa giảm 100.000đ,code,11/08/2017 23:59,ELCAP,https://shopee.vn/search/?collection=23501,Shopee,cong-nghe,,10%
Tặng phiếu mua hàng cho các đơn hàng Xiaomi,"Áp dụng với REDMI NOTE 4# REDMI 4X# REDMI 4A ",sale,19/08/2017 23:59,,https://pub.accesstrade.vn/deep_link/4529754849587926032?url=https%3A%2F%2Fwww.nguyenkim.com%2Fdien-thoai-di-dong-tel-xiaomi-redmi-note-4-vi.html,Nguyễn Kim,cong-nghe,,300.000đ
Mã giảm giá 800K cho các đơn hàng từ 12 triệu,Áp dụng với các sản phẩm từ 12 triệu,code,08/08/2017 23:59,SO8HEHE,https://pub.accesstrade.vn/deep_link/4529754849587926032?url=https%3A%2F%2Fwww.lotte.vn%2F,Lotte.vn,"doi-song#gia-dung#cong-nghe",,800.000đ
Mã giảm giá 8% cho tất cả các đơn hàng,Giảm giá tối đa 400.000đ/đơn hàng,code,08/08/2017 23:59,SO8HIHI,https://pub.accesstrade.vn/deep_link/4529754849587926032?url=https%3A%2F%2Fwww.lotte.vn%2F,Lotte.vn,"doi-song#gia-dung#cong-nghe",,8%
Mã giảm giá 10% các SP Lock and Lock,Giảm tối đa 40.000đ/đơn hàng,code,09/08/2017 23:59,FSLLAU,https://pub.accesstrade.vn/deep_link/4529754849587926032?url=https%3A%2F%2Fwww.adayroi.com%2Flocknlock,Adayroi,gia-dung,,10%
Mã giảm giá Uber áp dụng tại Đà Nẵng,Nhập mã để nhận khuyến mãi,code,31/08/2017 23:59,CHAODANANG ,https://www.facebook.com/uberVN/,Uber,doi-song,,Khuyến mãi
Mã giảm 50% GrabBike,Áp dụng từ chuyến Thứ 2 trong ngày,code,07/08/2017 23:59,DIVE,https://www.grab.com/vn/blog/,Grab,doi-song,,50%
Mã giảm giá 500K cho đơn hàng Tivi,Áp dụng một số sản phẩm,code,31/08/2017 23:59,8VP500,https://pub.accesstrade.vn/deep_link/4529754849587926032?url=https%3A%2F%2Fwww.adayroi.com%2Ftivi-chinh-hang-gia-tot-lp838,Adayroi,gia-dung,,500.000đ
Mã giảm 300K cho đơn hàng điện lạnh,"Áp dụng với điều hòa# tủ lạnh",code,31/08/2017 23:59,8VP300,https://pub.accesstrade.vn/deep_link/4529754849587926032?url=https%3A%2F%2Fwww.adayroi.com%2Fvinpro-hang-chat-luong-gia-an-tuong-lp1351,Adayroi,gia-dung,,300.000đ
Nhiều mã giảm giá cho đơn hàng gia dụng,Giảm tối đa 200.000đ,code,31/08/2017 23:59,GD08T8,https://pub.accesstrade.vn/deep_link/4529754849587926032?url=https%3A%2F%2Fwww.adayroi.com%2Fkhuyen-mai-dien-gia-dung-lp820,Adayroi,gia-dung,,200.000đ
Khuyến mãi giảm tới 30% với thực phẩm,Áp dụng tại HN và HCM,sale,31/08/2017 23:59,,https://pub.accesstrade.vn/deep_link/4529754849587926032?url=https%3A%2F%2Fwww.adayroi.com%2Fthuc-pham-khuyen-mai-lp1603,Adayroi,doi-song,,30%
Mã giảm 400K cho đơn hàng Samsung J7 Prime,Tặng thêm Voucher 300.000đ,code,12/08/2017 23:59,MOJ7PRIME,https://pub.accesstrade.vn/deep_link/4529754849587926032?url=http%3A%2F%2Fwww.lazada.vn%2Fsamsung-galaxy-j7-prime-32gb-ram-3gb-vang-hang-phanphoichinhthuc-tang-phieu-mua-hang-300000-vnd-8231166.html,Lazada,cong-nghe,,30%
Mã giảm 10% các phòng khách sạn ở Miền Trung,Nhập mã khi đặt phòng,code,31/08/2017 23:59,MTRUNG10,https://pub.accesstrade.vn/deep_link/4529754849587926032?url=https%3A%2F%2Fwww.vntrip.vn%2F,VNTrip,du-lich,,10%
"Tặng Coupon giảm 50% các SP sức khỏe# làm đẹp",Áp dụng cho đơn hàng sách từ 200K,sale,11/08/2017 23:59,,https://pub.accesstrade.vn/deep_link/4529754849587926032?url=https%3A%2F%2Ftiki.vn%2Flp%2Fmot-sach-la-phai-dep,Tiki,lam-dep,,50%
Tặng nhiều mã giảm giá nhân dịp sinh nhật Shopee,Nhiều ưu đãi giảm giá,sale,09/08/2017 23:59,,http://shopee.vn/web/events3/code/2491830964/,Shopee,thoi-trang,,Khuyến mãi
Flash Sale giảm tới 30% dịch vụ của Vinmec,Áp dụng với nhiều gói dịch vụ y tế,sale,04/08/2017 23:59,,https://pub.accesstrade.vn/deep_link/4529754849587926032?url=https%3A%2F%2Fdeal.adayroi.com%2Fvinmec-thunder-sales-lp53,Vinmec,suc-khoe,,30%
Mã giảm 50K cho đơn hàng mỹ phẩm ZA,Áp dụng với đơn hàng từ 200K,code,08/08/2017 23:59,COSZA,https://shopee.vn/search/?collection=23075,Shopee,lam-dep,,50.000đ
Mã giảm 50K cho đơn hàng mỹ phẩm Senka,Áp dụng với đơn hàng từ 200K,code,31/08/2017 23:59,COSSENKA,https://shopee.vn/senka_officialstore,Shopee,lam-dep,,50.000đ
Nhiều ưu đãi tại các nhà hàng của Golden Gate ở Royal City,"Miễn phí đồ uống# tặng buffet",sale,31/08/2017 23:59,,https://www.facebook.com/notes/kichi-hot-pot-bar/tr%C3%A1nh-n%E1%BA%AFng-t%E1%BA%A1i-4-nh%C3%A0-hot-nh%E1%BA%A5t-royal-city/1937395512944245/,Golden Gate,am-thuc,,Khuyến mãi
Tặng Voucher 200K tại Hutong và K-Pub,Áp dụng tại Time City,sale,14/08/2017 23:59,,http://v1.ggg.com.vn/promotions/data/khai-truong-hutong-times-city-co-hoi-nhan-evoucher-200000d/,Golden Gate,am-thuc,,200.000đ
Nhiều khuyến mãi khai trương nhà hàng Hotpot Story mới,"Ưu đãi miễn phí buffet# giảm giá",sale,08/09/2017 23:59,,http://hotpotstory.vn/khuyen-mai/tung-bung-khai-truong-tai-pearl-plaza/,Hotpot Story,am-thuc,,Khuyến mãi
Juno khuyến mãi đồng giá giày 250K,Áp dụng cửa hàng mới khai trương,sale,09/08/2017 23:59,,https://juno.vn/blogs/tin-tuc-juno/juno-dong-gi-250k-khai-truong-794a-hau-giang-hcm,Juno,thoi-trang,,Khuyến mãi
Mã giảm 15% vé máy bay và 20% khách sạn,Áp dụng trên ứng dụng,code,15/09/2017 23:59,UBERSTAY,https://www.uber.com/vi-VN/blog/hanoi/vi-vu-da-nang-cung-uber-traveloka/,Traveloka,du-lich,,20%
Nhiều khuyến mãi cho đơn hàng mỹ phẩm Nhật,Có mã giảm giá thêm 100.000đ,sale,31/08/2017 23:59,,https://www.sendo.vn/su-kien/my-pham-nhat-ban/,Sendo,lam-dep,,Khuyến mãi
"Mã giảm 10% các sản phẩm trà# cafe",Áp dụng một số sản phẩm,code,10/08/2017 23:59,MATWAKEUP,https://pub.accesstrade.vn/deep_link/4529754849587926032?url=https%3A%2F%2Fwww.lotte.vn%2Fcampaign%2Ftra-cafe%2F,Lotte.vn,doi-song,,10%
Nhiều quà tặng cho đơn hàng sữa Abbott,Sản phẩm dinh dưỡng cho mẹ và bé,sale,31/08/2017 23:59,,https://pub.accesstrade.vn/deep_link/4529754849587926032?url=https%3A%2F%2Fwww.adayroi.com%2Fabbott-dinh-duong-cho-me-va-be-lp1736,Abbott,doi-song,,Khuyến mãi
Mã giảm giá 60.000đ cho đơn hàng Bobby,Áp dụng đơn hàng từ 500.000đ,code,31/08/2017 23:59,PAMBOP,https://pub.accesstrade.vn/deep_link/4529754849587926032?url=https%3A%2F%2Fwww.adayroi.com%2Fbobby,Bobby,me-va-be,,60.000đ
Mã giảm giá 70.000đ cho đơn hàng Huggies,Áp dụng đơn hàng từ 500.000đ,code,04/08/2017 23:59,SN8HUG,https://pub.accesstrade.vn/deep_link/4529754849587926032?url=https%3A%2F%2Fwww.adayroi.com%2Fhuggies-lp629,Huggies,me-va-be,,70.000đ
Mã giảm 70.000đ cho đơn hàng Pampers,Áp dụng đơn hàng từ 500.000đ,code,04/08/2017 23:59,SN8PAM,https://pub.accesstrade.vn/deep_link/4529754849587926032?url=https%3A%2F%2Fwww.adayroi.com%2Fpampers,Pampers,me-va-be,,70.000đ
Mã giảm giá 15% nước uống đẹp da Adiva Collagen,Tối đa giảm 1 triệu VNĐ,code,31/08/2017 23:59,SN8ADV,https://pub.accesstrade.vn/deep_link/4529754849587926032?url=https%3A%2F%2Fwww.adayroi.com%2Fadiva-collagen-br24198,Adayroi,lam-dep,,15%
Mã giảm 1 triệu cho đơn hàng xe máy,Áp dụng với xe Yamaha tại HCM,code,31/08/2017 23:59,YAMAHM,https://pub.accesstrade.vn/deep_link/4529754849587926032?url=https%3A%2F%2Fwww.adayroi.com%2Fxe-may-tra-gop-0-otxm-lp1465,Adayroi,doi-song,,1.000.000đ
Khuyến mãi đồng giá 199K hàng nghìn sản phẩm,Áp dụng cả online và mua tại cửa hàng,sale,07/08/2017 23:59,,http://bosua.vn/super-sale-pm11426.html,Bò sữa,thoi-trang,,Khuyến mãi
Seoul Garden khuyến mãi đi 4 trả tiền 3,Áp dụng khi đặt bàn online,sale,31/08/2017 23:59,,http://seoulgarden.com.vn/khuyen-mai/di-4-tra-tien-3/,Seoul Garden,am-thuc,,Khuyến mãi
Mã giảm 45K x 1 chuyến GrabCar/ngày,Áp dụng tại HCM từ 9AM - 4PM,code,04/08/2017 23:59,MUAMUA,https://www.facebook.com/GrabVN/videos/2032520053646197/,Grab,doi-song,,45.000đ
Khuyến mãi Buffet Bia tại City Beer Station,Ưu đãi chỉ 139.000đ/người,sale,30/09/2017 23:59,,http://v1.ggg.com.vn/promotions/data/combo-tranh-nang-139-000-vnd-uong-khong-gioi-han-09-loai-bia/,Golden Gate,am-thuc,,Khuyến mãi
Mã giảm giá 100K cho đơn hàng thiết bị lưu trữ Adata,Số lượng mã có hạn,code,15/08/2017 23:59,TEAMADATA100,https://pub.accesstrade.vn/deep_link/4529754849587926032?url=https%3A%2F%2Fwww.lazada.vn%2Fphu-kien-vi-tinh-sieu-re%2F,Lazada,cong-nghe,,100.000đ
Adayroi khuyến mãi sinh nhật 2 Tuổi,Cực nhiều ưu đãi giảm giá lớn T8/2017,sale,15/08/2017 23:59,,https://pub.accesstrade.vn/deep_link/4529754849587926032?url=https%3A%2F%2Fwww.adayroi.com%2Fsinh-nhat-2-tuoi,Adayroi,"cong-nghe#doi-song#gia-dung",,Khuyến mãi
Mã giảm 1 triệu cho đơn hàng xe máy,Áp dụng tại Hà Nội,code,01/08/2017 23:59,NINJAX,https://pub.accesstrade.vn/deep_link/4529754849587926032?url=https%3A%2F%2Fwww.adayroi.com%2Flead-moi-2017-otxm-lp2216,Adayroi,doi-song,,1.000.000đ
Nhiều quà tặng nhân dịp ra mắt sản phẩm mới,Tặng áo thun cho các đơn hàng Bitis Hunter,sale,31/08/2017 23:59,,https://pub.accesstrade.vn/deep_link/4529754849587926032?url=https%3A%2F%2Ftiki.vn%2Flp%2Fbitis-hunter-ban-linh-tho-san,Bitis,thoi-trang,,Khuyến mãi
Tặng vé miễn phí HCM - Vũng Tàu,Khi đặt khách sạn tại Vũng Tàu,sale,31/08/2017 23:59,,https://pub.accesstrade.vn/deep_link/4529754849587926032?url=https%3A%2F%2Fmytour.vn%2Fnews%2F135626-dat-phong-vung-tau-huong-combo-3-uu-dai-khung-tu-mytourvn.html,Mytour,du-lich,,Khuyến mãi
Crazy Sale giảm giá 30%-50% Thứ 6 mỗi tuần,Áp dụng cho đơn phòng đặt trong Thứ 6,sale,31/08/2017 23:59,,https://pub.accesstrade.vn/deep_link/4529754849587926032?url=https%3A%2F%2Fmytour.vn%2Fnews%2Fpromotion%2F3-giam-50-gia-shock-trong-ngay.html,Mytour,du-lich,,50%
"Nhiều chương trình khuyến mãi# giảm giá The Body Shop",Áp dụng mua hàng online,sale,,,https://www.thebodyshop.com.vn/vn/sale,The Body Shop,lam-dep,,Khuyến mãi
Giảm giá 50% cho hàng mới và hàng đang sale,Khuyến mãi lớn từ Hoàng Phúc,sale,06/08/2017 23:59,,https://hoang-phuc.com/tin-tuc/clearance-sale-thang-7-giam-den-50-tat-ca-san-pham,Hoàng Phúc,thoi-trang,,50%
KingBBQ Buffet giảm giá tại Hải Phòng,Khuyến mãi khai trương nhà hàng mới,sale,31/08/2017 23:59,,http://kingbbq.com.vn/chuong-trinh-khuyen-mai/buffet-gia-shock-tai-bigc-hai-phong/,King BBQ,am-thuc,,Khuyến mãi
"Tặng Voucher trị giá 200K dùng ở K-Pub# Hutong",Áp dụng tại Time City,sale,14/08/2017 23:59,,http://v1.ggg.com.vn/promotions/data/khai-truong-hutong-times-city-co-hoi-nhan-evoucher-200000d/,Golden Gate,am-thuc,,200.000đ
Voucher KingBBQ giảm giá 26% Tháng 7,Áp dụng tại Hà Nội,sale,05/08/2017 23:59,,https://pub.accesstrade.vn/deep_link/4529754849587926032?url=https%3A%2F%2Fdeal.adayroi.com%2Fbuffet-nuong-king-bbq-dang-cap-am-thuc-han-quoc-tai-tttm-artemis-ha-noi-p56464946,King BBQ,am-thuc,,26%
Voucher Hotpot Story giảm giá 21%,Áp dụng tại Hà Nội,sale,05/08/2017 23:59,,https://pub.accesstrade.vn/deep_link/4529754849587926032?url=https%3A%2F%2Fdeal.adayroi.com%2Fhotpot-story-tinh-hoa-buffet-lau-quoc-te-voi-cac-vi-dac-trung-thai-nhat-han-p81653237,Hotpot Story,am-thuc,,21%
Gogi House miễn phí 1 suất Buffet cho nhóm 4,Áp dụng tại Gogi House Artemis,sale,31/08/2017 23:59,,http://gogi.com.vn/voucher/an-4-tang-1-tm-ld-pdc/,Gogi House,am-thuc,,Miễn phí
Gogi House miễn phí 1 suất Buffet cho nhóm 4,Áp dụng tại Hà Nội,sale,15/08/2017 23:59,,http://gogi.com.vn/voucher/an-4-tang-1-tm-ld-pdc/,Gogi House,am-thuc,,Miễn phí
Tặng Voucher 200K cho hóa đơn từ 800K,Áp dụng tại Time City,sale,14/08/2017 23:59,,http://v1.ggg.com.vn/promotions/data/khai-truong-hutong-times-city-co-hoi-nhan-evoucher-200000d/,K-Pub,am-thuc,,200.000đ
Giảm giá 20% cho chủ thẻ ACB,Áp dụng thứ 3 mỗi tuần cho ACB Visa/MasterCard/JCB,sale,30/09/2017 23:59,,http://acb.com.vn/vn/personal/khuyen-mai-uu-dai/khuyen-mai-the/con-sot-mua-sam-online,Cùng mua,"am-thuc#thoi-trang",,20%
Hotpot Story khuyến mãi đi 4 miễn phí 1,Áp dụng tại miền nam,sale,30/09/2017 23:59,,http://hotpotstory.vn/khuyen-mai/di-4-mien-phi-1-vincom-go-vap/,Hotpot Story,am-thuc,,Khuyến mãi
Mã giảm giá 30K x 10 chuyến GrabBike,Áp dụng khách hàng mới,code,30/09/2017 23:59,GB10,https://www.grab.com/vn/blog/chon-grabbike-chon-an-toan-tien-loi-tang-10-chuyen-di-mien-phi-cho-nguoi-dung-moi/,Grab,doi-song,,30.000đ
Samsung tặng nhiều mã giảm giá khi mua TV,Ưu đãi lớn từ Samsung Việt Nam,sale,13/08/2017 23:59,,https://vn.campaign.samsung.com/big4u/,Samsung,gia-dung,,Coupon
"Bitis khuyến mãi# giảm giá khi mua Online",Tặng thêm nhiều quà tặng,sale,,,https://pub.accesstrade.vn/deep_link/4529754849587926032?url=https%3A%2F%2Ftiki.vn%2Flp%2Fbitis-hunter-ban-linh-tho-san,Bitis,thoi-trang,,Khuyến mãi
Tặng Voucher Lotte.vn trị giá 2.5 triệu,Khi đăng ký mở thẻ SC,sale,20/09/2017 23:59,,https://pub.accesstrade.vn/deep_link/4529754849587926032?url=https%3A%2F%2Fwww.lotte.vn%2Fcampaign%2Fstandard-chartered%2F,Lotte.vn,"cong-nghe#gia-dung",,Tặng Voucher
Adayroi khuyến mãi Flash Sale giảm giá mỗi ngày,Nhiều sản phẩm có giá cực tốt,sale,,,https://pub.accesstrade.vn/deep_link/4529754849587926032?url=https%3A%2F%2Fwww.adayroi.com%2Fflashsale,Adayroi,doi-song,,Khuyến mãi
"Nhiều khuyến mãi# giảm giá của Popeyes","Ưu đãi giảm giá giờ vàng# tặng món ăn",sale,,,http://popeyes.vn/promotions.html,Popeyes,am-thuc,,Khuyến mãi
"Vinamilk khuyến mãi# giảm giá các SP Sữa",Ưu đãi mua hàng Online,sale,,,https://pub.accesstrade.vn/deep_link/4529754849587926032?url=https%3A%2F%2Fwww.adayroi.com%2Fvinamilk-br1195%2F591,Vinamilk,am-thuc,,Khuyến mãi
"Khuyến mãi rau# quả sạch Vineco","Nhiều sản phẩm rau sạch# an toàn từ VinEco",sale,,,https://pub.accesstrade.vn/deep_link/4529754849587926032?url=https%3A%2F%2Fwww.adayroi.com%2Fvineco,Adayroi,am-thuc,,Khuyến mãi
Adayroi giảm giá nhiều sản phẩm thực phẩm sạch,Danh mục các sản phẩm giảm giá cập nhật hàng ngày,sale,,,https://pub.accesstrade.vn/deep_link/4529754849587926032?url=https%3A%2F%2Fwww.adayroi.com%2Fthuc-pham-khuyen-mai-lp1603,Adayroi,am-thuc,,Khuyến mãi
Golden Gate miễn phí đồ uống cho khách,Áp dụng tại Royal City,sale,30/09/2017 23:59,,https://www.facebook.com/notes/gogi-house/tr%C3%A1nh-n%E1%BA%AFng-t%E1%BA%A1i-4-nh%C3%A0-hot-nh%E1%BA%A5t-royal-city/1442970732408412/,Golden Gate,am-thuc,,Khuyến mãi
Hoàn tiền 10% cho các đơn hàng thanh toán online (ATM),Ưu đãi khung giờ 9h – 12h thứ 6 hàng tuần,sale,17/11/2017 23:59,,https://www.adayroi.com/,Adayroi,"doi-song#gia-dung#cong-nghe",,10%
Mã giảm giá 20% khi đặt khách sạn,Giảm tối đa 200K cho khách hàng mới trên App,code,31/08/2017 23:59,OFFERSVNHOTEL,https://www.traveloka.com/vi-vn/promotion,Traveloka,du-lich,,20%
Mã giảm giá 8% khi đặt vé máy bay,Giảm tối đa 150K cho khách hàng mới trên App,code,31/08/2017 23:59,OFFERSVNFLIGHT,https://www.traveloka.com/vi-vn/promotion,Traveloka,du-lich,,8%
Mã giảm giá DeliveryNow tại Hà Nội cập nhật mỗi ngày,Áp dụng tại nhiều cửa hàng,sale,,,https://www.deliverynow.vn/ha-noi,DeliveryNow,am-thuc,,30%
Mã giảm 800K khi đặt phòng ở Airbnb,Áp dụng với chủ thẻ VCB Amex với đơn phòng từ 3.2 triệu,code,30/09/2017 23:59,AMEXVN3771,https://www.airbnb.com/,Airbnb,du-lich,,800.000đ
Nhiều mã giảm giá 15-30% mỗi ngày,Khuyễn mãi hàng ngày ở DeliveryNow,sale,,,https://www.deliverynow.vn/,DeliveryNow,am-thuc,,30%
KingBBQ giảm giá Buffet còn 169K,Áp dụng tại TP Hồ Chí Minh,sale,,,http://kingbbq.com.vn/chuong-trinh-khuyen-mai/gio-vang-gia-soc/,King BBQ,am-thuc,,Khuyến mãi
California Fitness & Yoga giảm giá chỉ 400K/Tháng,Ưu đãi khách hàng mới lớp tập giảm cân,sale,,,https://pub.accesstrade.vn/deep_link/4529754849587926032?url=https%3A%2F%2Fwww.cfyc.com.vn%2Fgiam-can-cung-HLV-toto.html?partner=accesstrade,California Fitness & Yoga,"lam-dep#the-thao",,Khuyến mãi
Pizza Hut tặng nhiều thẻ quà tặng,Áp dụng cho khách hàng cài ứng dụng,sale,06/05/2018 23:59,,https://www.facebook.com/notes/pizza-hut-vn/%E1%BB%A9ng-d%E1%BB%A5ng-pizza-hut-vi%E1%BB%87t-nam/10155391578309365/,Pizza Hut,am-thuc,,Quà tặng
Lotte Cinema giảm giá Thứ 2 cuối cùng mỗi tháng,Tặng thêm 1 phần bắp mini trị giá 20.000đ,sale,31/12/2017 23:59,,"https://lottecinemavn.com/vi-vn/su-kien/e-l-selection/big-smile-day-45#000-50#000-%C4%91ong-ve-xem-phim-tang.aspx",Lotte Cinema,giai-tri,,Khuyến mãi
Lotte giảm giá 15% Thứ 4 mỗi tuần,Mã giảm tối đa 500.000đ,code,,THU4,https://pub.accesstrade.vn/deep_link/4529754849587926032?url=https%3A%2F%2Fwww.lotte.vn%2Fgia-soc-moi-tuan-t4%2F,Lotte.vn,"doi-song#cong-nghe#thoi-trang",,15%
"Đồng giá 40#000đ/ vé xem phim 2D",Áp dụng cho khách hàng có sử dụng ứng dụng Quà tặng Galaxi,sale,31/12/2017 23:59,,https://lottecinemavn.com/vi-vn/su-kien/e-partnership/partnership-(3).aspx,Lotte Cinema,giai-tri,,Khuyến mãi
Ưu đãi giảm giá vé cho HSSV,Xuất trình thẻ HSSV để được giảm giá,sale,31/12/2017 23:59,,https://lottecinemavn.com/vi-vn/su-kien/e-l-selection/khuyen-mai-ve-xem-phim-cho-hoc-sinh-sinh-vien.aspx,Lotte Cinema,giai-tri,,Khuyến mãi
Đồng giá vé 2D chỉ 45K,Áp dụng thứ 2 cuối cùng mỗi tháng,sale,31/12/2017 23:59,,"https://lottecinemavn.com/vi-vn/su-kien/e-l-selection/big-smile-day-45#000-50#000-%C4%91ong-ve-xem-phim-tang.aspx",Lotte Cinema,giai-tri,,Đồng giá
Tặng bắp và đồ uống cho sinh viên,Áp dụng khi mua vé 2D online,sale,31/08/2017 23:59,,https://lottecinemavn.com/vi-vn/su-kien/e-l-selection/l-selection.aspx,Lotte Cinema,giai-tri,,60.000đ
Mã giảm giá Lotte giảm 15% vào Thứ 3,Giảm tối đa 500.000đ,code,,THU3,https://pub.accesstrade.vn/deep_link/4529754849587926032?url=https%3A%2F%2Fwww.lotte.vn%2F,Lotte.vn,"lam-dep#doi-song#cong-nghe",,15%
Lotte Cinema khuyến mãi đồng giá 40K vé phim 2D,Cho khách cài ứng dụng Galaxy Gift,sale,31/12/2017 23:59,,https://www.facebook.com/lottecinema/photos/a.140168689341084.21345.138826396141980/1574897192534886/?type=3&theater,Lotte Cinema,giai-tri,,40.000đ
Xả hàng công nghệ Tháng 4/2017,"Nhiều SP điện thoại# Laptop# hàng CN giảm giá",sale,,,https://goo.gl/kOogSK,Lazada,cong-nghe,,Khuyến mãi
Giảm 40K x 10 chuyến GrabBike,Áp dụng với khách hàng thanh toán lần đầu qua thẻ,code,,GP10,https://www.facebook.com/GrabVN/,Grab,doi-song,,40.000đ
Khuyến mãi mua 1 Tặng 1 vào Thứ 4,Khi bạn mang bất kì vật dụng màu Hồng đến nhà hàng,sale,,,http://baskinrobbins.vn/vn/index/pink-day,Baskin Robbins,am-thuc,,Khuyến mãi
Alfrescos khuyến mãi mua Pizza thứ 2 với giá chỉ 49K,Áp dụng thứ 6 mỗi tuần,sale,,,https://www.facebook.com/alfrescosvietnam/photos/a.257548654347600.38592.256786654423800/921117041324088/?type=3&theater,Alfrescos,am-thuc,,Khuyến mãi
Alfrescos khuyến mãi mua 1 tặng 1 Pizza vào Thứ 3 mỗi tuần,Áp dụng cho pizza size L hoặc XL từ #1 - #6,sale,,,https://www.facebook.com/alfrescosvietnam/photos/a.257548654347600.38592.256786654423800/921117041324088/?type=3&theater,Alfrescos,am-thuc,,Khuyến mãi
Hàng bán chạy nhất ở Sendo,Nhiều sản phẩm ở danh mục này có giá chỉ từ vài chục nghìn VNĐ và được rất nhiều người quan tâm,sale,,,https://www.sendo.vn/ban-chay/,Sendo,"thoi-trang#cong-nghe#lam-dep",,KM
"Khuyến mãi# giảm giá mỗi ngày của Sendo","Danh mục tập hợp nhiều sản phẩm ưu đãi# giảm giá tốt ở Sendo.vn",sale,,,https://www.sendo.vn/khuyen-mai/,Sendo,"thoi-trang#cong-nghe#lam-dep",,KM
"Hàng thời trang# công nghệ chính hãng giảm giá","Thương hiệu chính hãng# đã được Sendo kiểm định chất lượng",sale,,,https://www.sendo.vn/thuong-hieu/,Sendo,"thoi-trang#cong-nghe",,KM
Sendo giảm giá thêm 10% khi mua hàng trên ứng dụng,Mức giảm giá phổ biến từ 2-10% cho khách hàng đặt hàng trên ứng dụng Sendo trên điện thoại,sale,,,https://www.sendo.vn/su-kien/giam-gia-sendo-app/,Sendo,"thoi-trang#lam-dep",,10%
Mua 3 vé Tặng 1 Vé,Áp dụng cho chủ thẻ Visa mua vé Online,sale,30/09/2017 23:59,,https://www.cgv.vn/vn/news-offer/cat/news/post/visa-b3g4/,CGV,giai-tri,,Khuyến mãi
Giảm giá 15% cho khách hàng có thẻ thành viên Redsun ITI,Áp dụng ở tất cả các nhà hàng trong hệ thống Redsun-ITI,sale,,,http://redsun-iti.com.vn/khuyen-mai/,Redsun-ITI,am-thuc,,15%
Giảm giá 50.000đ/suất Buffet vào Thứ 4 hàng tuần,Áp dụng tại TP Hồ Chí Minh,sale,,,http://hotpotstory.vn/khuyen-mai/hot-price/,Hotpot Story,am-thuc,,50.000đ
Giảm giá 15% Buffet chỉ còn 169.000đ Buffet Trưa,Áp dụng tại Hà Nội khi đặt bàn trước,sale,,,http://hotpotstory.vn/khuyen-mai/hotpot-buffet-169k/,Hotpot Story,am-thuc,,15%
Giảm giá 3% các đơn hàng tham gia Ffriend,Nhóm 3 người sẽ được giảm 5%,sale,31/12/2017 23:59,,https://pub.accesstrade.vn/deep_link/4529754849587926032?url=http%3A%2F%2Ffptshop.com.vn%2Fffriends,FPT Shop,cong-nghe,,3%
Khóa học IELTS Online miễn phí từ British Council,Ưu đãi khóa học miễn phí ở FutureLearn,sale,,,https://www.futurelearn.com/courses/understanding-ielts,FutureLearn,giao-duc,,Khuyến mãi
Hơn 1.600 khóa học Online miễn phí ở Cousera,"Chọn hình thức ""Audit Only"" khi Enroll để được học miễn phí",sale,,,https://click.linksynergy.com/fs-bin/click?id=gIc3loHGuro&subid=&offerid=467035.1&type=10&tmpid=18061&RD_PARM1=https%3A%2F%2Fwww.coursera.org%2F,Coursera,giao-duc,,Khuyến mãi
Tặng 15 USD cho tài khoản đăng ký mới,Sử dụng 15 USD này cho đơn đặt phòng đầu tiên từ 75 USD,sale,,,https://www.airbnb.com/c/quyp1,Airbnb,du-lich,,15 USD
Danh mục Coupon giảm giá ở Amazon,Danh mục này tập hợp các Coupon ưu đãi hàng ngày,sale,,,http://amzn.to/2nUmC8H,Amazon,"doi-song#thoi-trang",,Khuyến mãi
Lớp học Dance giảm giá chỉ 400.000đ/tháng,Khuyến mãi từ California Fitness and Yoga,sale,,,https://pub.accesstrade.vn/deep_link/4529754849587926032?url=http%3A%2F%2Fwww.cfyc.com.vn%2Flop-hoc-nhay-dance-accesstrade.html,California Fitness & Yoga,"lam-dep#the-thao",,Khuyến mãi
Lớp tập giảm cân chỉ 400.000đ/tháng,Ưu đãi dịch vụ Gym từ CFYC,sale,,,https://pub.accesstrade.vn/deep_link/4529754849587926032?url=http%3A%2F%2Fwww.cfyc.com.vn%2Fgiam-can-accesstrade.html,California Fitness & Yoga,"lam-dep#the-thao",,Khuyến mãi
Lớp học Yoga chỉ 400.000đ/tháng,"Ưu đãi dịch vụ Gym# Yoga từ California Fitness Center",sale,,,https://pub.accesstrade.vn/deep_link/4529754849587926032?url=http%3A%2F%2Fwww.cfyc.com.vn%2Fgiam-9kg-cung-yoga-2.html%2Faccesstrade,California Fitness & Yoga,"lam-dep#the-thao",,Khuyến mãi
Ưu đãi đặt phòng giảm giá mỗi ngày ở Booking,Nhiều Deal khuyến mãi đặt khách sạn,sale,,,https://click.linksynergy.com/fs-bin/click?id=gIc3loHGuro&subid=&offerid=449044.1&type=10&tmpid=20769&RD_PARM1=https%3A%2F%2Fwww.booking.com%2Fdealspage.html,Booking,du-lich,,Khuyến mãi
Agoda giảm giá 7% cho chủ thẻ Techcombank,Áp dụng với các chủ thẻ ghi nợ/tín dụng Techcombank,sale,31/12/2017 23:59,,https://www.agoda.com/vi-vn/techcombank,Agoda,du-lich,,7%
Agoda giảm giá 7% cho chủ thẻ Sacombank,Áp dụng với các chủ thẻ ghi nợ/tín dụng Sacombank,sale,31/12/2017 23:59,,https://www.agoda.com/vi-vn/sacombank,Agoda,du-lich,,7%
Agoda giảm giá 7% cho chủ thẻ Vietcombank,Áp dụng với các chủ thẻ ghi nợ/tín dụng Vietcombank,sale,31/12/2017 23:59,,https://www.agoda.com/vi-vn/vietcombank,Agoda,du-lich,,7%
Mã giảm giá 40% ứng dụng Monkey Junior,Ứng dụng học tiếng anh cho trẻ nhỏ với gần 1000+ bài học,code,,OFFMJ40,http://www.monkeyjunior.vn/bang-gia.html?coupon=OFFMJ40,Monkey Junior,giao-duc,,40%
Mã giảm giá 10-30% hàng ngày trên Tiki App,Danh mục mã giảm giá này chỉ dùng khi mua hàng trên ứng dụng Tiki,sale,,,https://pub.accesstrade.vn/deep_link/4529754849587926032?url=https%3A%2F%2Ftiki.vn%2Flp%2Fbat-ngo-tiki-app,Tiki,"cong-nghe#gia-dung#doi-song",,Khuyến mãi
Mua online Mỹ phẩm Yves Rocher giảm giá,Áp dụng với các sản phẩm Yves Rocher ở Lazada,sale,,,https://pub.accesstrade.vn/deep_link/4529754849587926032?url=http%3A%2F%2Fwww.lazada.vn%2Fyves-rocher%2F,Yves Rocher,lam-dep,,Khuyến mãi
Flash Sales Lazada giảm giá mỗi ngày,Ưu đãi Flash Sales từ 11h-13h hàng ngày,sale,,,https://goo.gl/kOogSK,Lazada,"cong-nghe#doi-song#gia-dung",,Khuyến mãi
Pizza Hut mua 1 tặng 1 Pizza,Mua Pizza + 1 đồ uống + 1 Salad sẽ được tặng 1 Pizza khác cùng size,sale,,,https://order.pizzahut.vn/,Pizza Hut,am-thuc,,Khuyến mãi
Deal giá gốc: Danh mục bán chạy nhất trên Lazada,Đây là danh mục tập hợp những mặt hàng bán tốt nhất của Lazada,sale,,,https://goo.gl/kOogSK,Lazada,"cong-nghe#gia-dung#doi-song",,Khuyến mãi
Danh mục giảm giá 50% của Zalora,Xả hàng mỗi tuần,sale,,,https://pub.accesstrade.vn/deep_link/4529754849587926032?url=https%3A%2F%2Fwww.zalora.vn%2Fwomen%2Fspecial-price%2F,Zalora,thoi-trang,,50%
"Mỹ phẩm Yves Rocher khuyến mãi# giảm giá",Ưu đãi mua mỹ phẩm trực tuyến,sale,,,https://pub.accesstrade.vn/deep_link/4529754849587926032?url=http%3A%2F%2Fwww.lazada.vn%2Fyves-rocher%2F,Yves Rocher,lam-dep,,Khuyến mãi
Mã giảm giá 10% cho khách hàng mới,Giảm tối đa 200.000đ,code,,KHM24,https://pub.accesstrade.vn/deep_link/4529754849587926032?url=https%3A%2F%2Fwww.yes24.vn%2F,Yes24,"thoi-trang#lam-dep",,10%
Khuyến mãi sách từ Vinabook mới nhất,Ưu đãi mua sách trực tuyến,sale,,,https://pub.accesstrade.vn/deep_link/4529754849587926032?url=https%3A%2F%2Fwww.vinabook.com%2F,Vinabook,sach,,Khuyến mãi
Viễn Thông A khuyến mãi mới nhất,Cập nhật nhiều ưu đãi từ Viễn Thông A,sale,,,https://pub.accesstrade.vn/deep_link/4529754849587926032?url=https%3A%2F%2Fvienthonga.vn%2Fkhuyen-mai-moi-nhat,Viễn Thông A,cong-nghe,,Khuyến mãi
"Mỹ phẩm Vichy giảm giá# khuyến mãi",Nhiều ưu đãi hàng tháng,sale,,,https://pub.accesstrade.vn/deep_link/4529754849587926032?url=http%3A%2F%2Fwww.lazada.vn%2Fvichy-viet-nam%2F,Vichy,lam-dep,,Khuyến mãi
Unilever khuyến mãi giao hàng miễn phí,Ưu đãi mua sắm online,sale,,,https://pub.accesstrade.vn/deep_link/4529754849587926032?url=http%3A%2F%2Fwww.lazada.vn%2Funilever%2F,Unilever,"doi-song#lam-dep",,Khuyến mãi
"THEFACESHOP khuyến mãi# giảm giá",Ưu đãi mỹ phẩm chính hãng,sale,,,https://pub.accesstrade.vn/deep_link/4529754849587926032?url=http%3A%2F%2Fwww.lazada.vn%2Fthe-face-shop%2F,THEFACESHOP,lam-dep,,Khuyến mãi
"The Body Shop khuyến mãi# giảm giá",Ưu đãi mua sắm từ The Body Shop,sale,,,https://pub.accesstrade.vn/deep_link/4529754849587926032?url=http%3A%2F%2Fwww.lazada.vn%2Fthe-body-shop%2F,The Body Shop,lam-dep,,Khuyến mãi
Sunhouse khuyến mãi hàng gia dụng,Hàng phân phối chính hãng,sale,,,https://pub.accesstrade.vn/deep_link/4529754849587926032?url=http%3A%2F%2Fwww.lazada.vn%2Fsunhouse-shop-online%2F,Sunhouse,gia-dung,,Khuyến mãi
Hàng chính hãng Sony khuyến mãi,Giảm giá mua sắm từ Sony,sale,,,https://pub.accesstrade.vn/deep_link/4529754849587926032?url=http%3A%2F%2Fwww.lazada.vn%2Fsony%2F,Sony,"cong-nghe#gia-dung",,Khuyến mãi
Mỹ phẩm Shiseido chính hãng giảm giá,Ưu đãi mua hàng từ Shiseido,sale,,,https://pub.accesstrade.vn/deep_link/4529754849587926032?url=http%3A%2F%2Fwww.lazada.vn%2Fshiseido%2F,Shiseido,lam-dep,,Khuyến mãi
Hãng Philips phân phối chính hãng,"Nhiều khuyến mãi# ưu đãi",sale,,,https://pub.accesstrade.vn/deep_link/4529754849587926032?url=http%3A%2F%2Fwww.lazada.vn%2Fphilips-official-store%2F,Philips,gia-dung,,Khuyến mãi
"Tã/Bỉm Pampers khuyến mãi# giảm giá",Nhiều quà tặng cho bé,sale,,,https://pub.accesstrade.vn/deep_link/4529754849587926032?url=http%3A%2F%2Fwww.lazada.vn%2Fpampers%2F,Pampers,me-va-be,,Khuyến mãi
"Nike khuyến mãi# giảm giá",Nhiều mặt hàng khuyến mãi,sale,,,https://pub.accesstrade.vn/deep_link/4529754849587926032?url=http%3A%2F%2Fwww.lazada.vn%2Fnike%2F,Nike,the-thao,,Khuyến mãi
Mỹ phẩm NYX chính hãng giảm giá,Tặng thêm nhiều quà tặng,sale,,,https://pub.accesstrade.vn/deep_link/4529754849587926032?url=http%3A%2F%2Fwww.lazada.vn%2Fnyx%2F,NYX,lam-dep,,Khuyến mãi
Những bộ sưu tập giảm 50% hot nhất của NEM,Ưu đãi từ NEM Fashion,sale,,,https://www.facebook.com/pg/nemluxury/photos/?ref=page_internal,NEM,thoi-trang,,50%
Nhiều khuyến mãi điện máy từ Nguyễn Kim,Các chương trình giảm giá hàng tuần,sale,,,https://pub.accesstrade.vn/deep_link/4529754849587926032?url=https%3A%2F%2Fwww.nguyenkim.com%2Fkhuyen-mai.html,Nguyễn Kim,"cong-nghe#gia-dung",,Khuyến mãi
Tã/Bỉm Merries khuyến mãi,Nhiều quà tặng cho bé,sale,,,https://pub.accesstrade.vn/deep_link/4529754849587926032?url=http%3A%2F%2Fwww.lazada.vn%2Fmerries%2F,Merries,me-va-be,,Khuyến mãi
"Maybelline khuyến mãi# giảm giá mỹ phẩm","Nhiều ưu đãi# quà tặng từ Maybelline",sale,,,https://pub.accesstrade.vn/deep_link/4529754849587926032?url=http%3A%2F%2Fwww.lazada.vn%2Fmaybellinevietnam%2F,Maybelline,lam-dep,,Khuyến mãi
"Mango khuyến mãi# giảm giá",Nhiều SP giảm giá 50%,sale,,,https://pub.accesstrade.vn/deep_link/4529754849587926032?url=https%3A%2F%2Fwww.zalora.vn%2Fmango%2F,Mango,thoi-trang,,Khuyến mãi
Mỹ phẩm LOREAL Paris khuyến mãi,Ưu đãi mua mỹ phẩm trực tuyến,sale,,,https://pub.accesstrade.vn/deep_link/4529754849587926032?url=http%3A%2F%2Fwww.lazada.vn%2Floreal-paris-vietnam%2F,LOREAL,lam-dep,,Khuyến mãi
Mỹ phẩm Laneige chính hãng khuyến mãi,"Giảm giá# tặng quà tặng",sale,,,https://pub.accesstrade.vn/deep_link/4529754849587926032?url=http%3A%2F%2Fwww.lazada.vn%2Flaneige-chinh-hang%2F,Laneige,lam-dep,,Khuyến mãi
Gian hàng Kangaroo chính hãng giảm giá,Nhiều ưu đãi mua các SP gia dụng Kangaroo,sale,,,https://pub.accesstrade.vn/deep_link/4529754849587926032?url=http%3A%2F%2Fwww.lazada.vn%2Fkangaroo-official-store%2F,Kangaroo,gia-dung,,Khuyến mãi
Nhiều Tour giá rẻ ở ivivu,Ưu đãi các Tour trong nước và quốc tế,sale,,,https://pub.accesstrade.vn/deep_link/4529754849587926032?url=https%3A%2F%2Fwww.ivivu.com%2Fdu-lich%2F,Ivivu,du-lich,,Khuyến mãi
Huggies chính hãng giảm giá,Tặng thêm nhiều quà cho bé,sale,,,https://pub.accesstrade.vn/deep_link/4529754849587926032?url=http%3A%2F%2Fwww.lazada.vn%2Fhuggies%2F,Huggies,me-va-be,,Khuyến mãi
"Bỉm Goon khuyến mãi# giảm giá",Tặng thêm nhiều quà cho bé,sale,,,https://pub.accesstrade.vn/deep_link/4529754849587926032?url=http%3A%2F%2Fwww.lazada.vn%2Fgoon%2F,Goon,me-va-be,,Khuyến mãi
Friso chính hãng khuyến mãi quà tặng,Ưu đãi mua sữa Friso trực tuyến,sale,,,https://pub.accesstrade.vn/deep_link/4529754849587926032?url=http%3A%2F%2Fwww.lazada.vn%2Ffriso-chinh-hang%2F,Friso,me-va-be,,Khuyến mãi
"FPT Play Box khuyến mãi# giảm giá",Ưu đãi mua Android TV Box,sale,,,https://goo.gl/gXd2ox,FPT Play Box,cong-nghe,,Khuyến mãi
Ebay Daily Deal khuyến mãi hàng ngày,Nhiều SP giá tốt mỗi ngày,sale,,,http://rover.ebay.com/rover/1/711-53200-19255-0/1?ff3=4&pub=5575204618&toolid=10001&campid=5337926837&customid=&mpre=http%3A%2F%2Fdeals.ebay.com%2F,Ebay,"thoi-trang#cong-nghe#gia-dung",,Khuyến mãi
DW chính hãng phân phối độc quyền,Nhiều sản phẩm giảm giá tốt,sale,,,https://pub.accesstrade.vn/deep_link/4529754849587926032?url=http%3A%2F%2Fwww.lazada.vn%2Fdaniel-wellington%2F,DW,thoi-trang,,Khuyến mãi
"Converse chính hãng giảm giá# khuyến mãi",Ưu đãi giảm giá mua giày Online,sale,,,https://pub.accesstrade.vn/deep_link/4529754849587926032?url=http%3A%2F%2Fwww.lazada.vn%2Fconverse%2F,Converse,thoi-trang,,Khuyến mãi
Nhiều Deal độc quyền gia dụng Bosch,Ưu đãi duy nhất ở Lazada,sale,,,https://pub.accesstrade.vn/deep_link/4529754849587926032?url=http%3A%2F%2Fwww.lazada.vn%2Fbosch%2F,Bosch,doi-song,,Khuyến mãi
Bobby khuyến mãi tặng nhiều quà tặng,Tặng thêm nhiều quà cho bé,sale,,,https://pub.accesstrade.vn/deep_link/4529754849587926032?url=http%3A%2F%2Fwww.lazada.vn%2Fbobby-khuyen-mai-lon%2F,Bobby,me-va-be,,Khuyến mãi
Bitis Hunter khuyến mãi bộ sưu tập mới,Ưu đãi mua sắm online,sale,,,https://pub.accesstrade.vn/deep_link/4529754849587926032?url=http%3A%2F%2Fwww.lazada.vn%2Fbitis-hunter-bo-suu-tap-moi%2F,Bitis,thoi-trang,,Khuyến mãi
"Bia Tiger khuyến mãi# giảm giá",Giao hàng miễn phí,sale,,,https://pub.accesstrade.vn/deep_link/4529754849587926032?url=http%3A%2F%2Fwww.lazada.vn%2Ftiger%2F,Bia Tiger,am-thuc,,Khuyến mãi
Bia Sapporo khuyến mãi giao hàng tận nhà,Ưu đãi freeship mua bia online,sale,,,https://pub.accesstrade.vn/deep_link/4529754849587926032?url=http%3A%2F%2Fwww.lazada.vn%2Fsapporo%2F,Bia Sapporo,am-thuc,,Khuyến mãi
Bia Heineken khuyến mãi freeship,Ưu đãi mua bia Heineken Online,sale,,,https://pub.accesstrade.vn/deep_link/4529754849587926032?url=http%3A%2F%2Fwww.lazada.vn%2Fheineken%2F,Bia Heineken,am-thuc,,Khuyến mãi
Agoda khuyến mãi giảm giá bí mật và ưu đãi thành viên,Đăng nhập đề tìm các khuyến mãi đặt phòng,sale,,,https://www.agoda.com/?cid=1749005,Agoda,du-lich,,50%
Adidas khuyến mãi thời trang thể thao,Ưu đãi mua sắm Online,sale,,,https://pub.accesstrade.vn/deep_link/4529754849587926032?url=http%3A%2F%2Fwww.lazada.vn%2Fadidas%2F,Adidas,the-thao,,Khuyến mãi
Danh mục các SP Sữa Abbott khuyến mãi,Ưu đãi mua sắm Online,sale,31/12/2017 23:59,,https://pub.accesstrade.vn/deep_link/4529754849587926032?url=http%3A%2F%2Fwww.lazada.vn%2Fabbott%2F,Abbott,am-thuc,,Khuyến mãi